1|BARRI|LAWRANCE|4319438518|7513212080|39206 BULKELEY SQUARE, HENDERSON, NEVADA. EB57063|FEMALE|52059032|DALE.DENHOLM@ROBBERTS.BIZ|83750.74
2|MAY|BEARD|5128423828|5735071491|28366 ANSTISS BUILDINGS, ODESSA, TEXAS. DK94690|MALE|40482871|KEILY.MONCKTON@GIRARD.CO.UK|22882.26
3|IVOR|NICHOLSON|1692635724|1253378985|17998 FAIRLIE GARDENS, MESA, ARIZONA. DQ17708|FEMALE|88153029|HAROLD.GRAY@KEMPT.CO.UK|62018.05
4|VAL|CANTRELL|1676050479|6557454992|7347 MCVIE ESTATE, BOULDER, COLORADO. LM76685|MALE|43333467|DUNCTON.MCINTIRE@ROE.TV|46325.16
5|NICOLE|EBREY|8080168207|2462716804|23309 MCCLUSKIE BUILDINGS, CEDAR RAPIDS, IOWA. EO20727|FEMALE|07223481|MINDY.BECHER@GARRITY.CO.UK|70674.86
6|CHARIS|BLAZE|4372688480|8520274280|15953 KAVANAGH AVENUE, ERIE, PENNSYLVANIA. NZ25043|MALE|82421135|TEDDY.WIRE@HOLLIDAY.BIZ|83538.1
7|NAOMI|MORRELL|3436564573|1708193887|15807 JOCELYN ESTATE, YONKERS, NEW YORK. XP92729|FEMALE|86971372|KATHERINE.RICHEY@MORIN.COM|32583.02
8|LYSHA|BARRAN|5811226197|6284311994|10661 HAGGAN DRIVE, LONG BEACH, CALIFORNIA. QP19517|FEMALE|06622317|TRYON.BARK@CALLIN.CO.UK|44238.66
9|ELENI|EVENS|2564912324|9835790659|41228 HODGKINS STREET, FORT COLLINS, COLORADO. HP26478|MALE|85211462|JANETTA.HOLWILL@DEAN.TV|70005.08
10|ROSALINE|EWEN|1519572369|2134674640|34251 BANBURY TERRACE, IRVINE, CALIFORNIA. HX19750|FEMALE|45739939|AURA.MONKTON@ABOTT.CO.UK|60269.06
11|BRUCE|GULLOCK|2510189405|8698333329|42288 YATES PARK, SALEM, OREGON. BN70534|MALE|76920627|CANDACE.PHILLIPS@RAGAN.CO.UK|48845.22
12|DEBRAH|BENNETT|5575453541|2474439808|35805 HENDLEY CLOSE, JERSEY CITY, NEW JERSEY. WZ16014|FEMALE|32962092|GEORGE.LAMBER@WHALEN.COM|78440.98
13|TERANCE|BELCHER|7481051594|7748823515|22748 OAKLEIGH GARDENS, COLUMBUS, OHIO. UF13396|FEMALE|07130714|ASHRAF.AINSLEY@HYLANDS.CO.UK|34440.41
14|LUCY|BRIANT|6708580212|8017786012|14409 WATTERS CLOSE, RALEIGH, NORTH CAROLINA. HL16178|FEMALE|98385823|ELVIN.LAWLER@LITLE.CO.UK|83140.02
15|EMMANUELLE|FINLEY|1604574722|5324373060|29438 LAMOND CLOSE, NEW HAVEN, CONNECTICUT. QF19516|FEMALE|42209576|SIOBAN.LOWMAN@FLANAGHAN.COM|53040.66
16|LYNDA|FISHER|7674811054|3716665144|3876 ADISON LANE, AURORA, ILLINOIS. HH32656|FEMALE|74677840|BAILEY.CONE@BEEBEE.CO.US|24542.0
17|ROWENDA|WILCOX|3786958251|4276517367|26668 COLLIN CLOSE, COLUMBUS, OHIO. JV57944|MALE|53470126|ELLE.NEAVES@CARROLLE.CO.UK|46043.8
18|CAMILA|DOWIE|6404439979|8347737171|3261 PEERS SQUARE, DAYTON, OHIO. XH27900|MALE|17019599|NED.LOW@KEMP.NET|48620.04
19|JINA|KNEALE|1357492372|5708044008|29857 MCMILLAN ESTATE, OXNARD, CALIFORNIA. JF72383|MALE|08598136|STEPHANI.BRAYDEN@INNIS.CO.US|38850.92
20|ADAM|HAPGOOD|6516927138|0118965025|37653 WEBER TERRACE, COLUMBUS, GEORGIA. PJ31738|MALE|50450819|CATHERINE.WAGNER@MCCULLOUGH.BIZ|56570.73
21|LIZABETH|LEYS|7294146766|0704237355|40471 LAURIN ESPLANADE, MURFREESBORO, TENNESSEE. TL82819|FEMALE|38908452|LIDIA.BLAKIE@GILMORE.TV|62436.3
22|CALLUM|WHITALL|7336402081|3548090029|45557 HEAYNS PARK, OVERLAND PARK, KANSAS. NR11564|MALE|59876524|ABDULKARIM.HEANS@DOWLAN.BIZ|88248.0
23|ANDERSSON|LARSEN|9526395258|0747155853|25733 SIMMS GROVE, IRVING, TEXAS. LH41664|MALE|12924476|AHMAD.CHALLENGR@BURGAR.CO.US|92407.31
24|MALISA|GALLAHER|9656562360|3094844087|40450 CHRISTIANSEN CRESCENT, AURORA, COLORADO. PL60440|FEMALE|59796608|IAIN.MELBOURN@AIREY.COM|50861.84
25|BECKIE|MCDONNELL|2191376426|2341856112|12233 RODDEN CLOSE, SANTA CLARITA, CALIFORNIA. OF57510|FEMALE|99822478|JULIE.OLSEN@LINCH.COM|80136.57
26|SEAMUS|BROOME|6948129489|8770939740|3794 BULLOCH ROAD, SALINAS, CALIFORNIA. XX33053|FEMALE|56389323|CARRI.OSBOURNE@HODKINSON.CO.UK|88482.87
27|HUEY|COTTERELL|3820559208|5330455679|23172 MOFFITT STREET, GRAND PRAIRIE, TEXAS. HB87972|FEMALE|84685645|PERCY.WEBBS@DAREY.BIZ|44543.96
28|ZACHARY|BEHAN|6307049334|1605767053|15344 BAGGETT BUILDINGS, LANSING, MICHIGAN. KP95407|FEMALE|19941705|DEMIAN.CONNER@FLECTHER.NET|56890.48
29|KRISTON|WRAY|2533427869|8873817667|20899 CARLON GROVE, NASHVILLE, TENNESSEE. LZ90066|MALE|97019656|VERNE.SHERRIDAN@ARTHUR.TV|80014.86
30|SCARLET|DURBEN|6714432630|1354030136|47118 NEALY CRESCENT, DALY CITY, CALIFORNIA. NI28286|FEMALE|32228042|FLOYD.DEARY@WHITELY.BIZ|44802.58
31|TYRRELL|CAPLAN|7647919988|4336134043|15641 ALLEYNE ESPLANADE, AUSTIN, TEXAS. VD12137|MALE|51691269|AUDRY.BLEE@OMER.CO.UK|89402.44
32|DENHOLM|BLAIZE|8836537876|3284307425|8799 ARMSTRONG CLOSE, PEMBROKE PINES, FLORIDA. CF28661|FEMALE|02018838|ALESHA.BERTON@BENTHAM.TV|84300.08
33|ABDIRAHIM|LANNING|2937903666|7154879438|26915 CROFORD TERRACE, MIRAMAR, FLORIDA. FA13302|FEMALE|88969511|GARRETH.HOLBROOK@RALEIGH.COM|34048.0
34|CALVIN|HAYES|0103247602|6334036234|4113 MYTTON LANE, FLINT, MICHIGAN. LT62548|FEMALE|29617929|VICTOR.BARROWS@SAMSON.CO.FR|48813.35
35|CANDICE|HARISON|2586232773|3611882518|26960 BARTLETT CLOSE, DAYTON, OHIO. VA31108|MALE|38410876|DALE.KASEY@JEWEL.TV|66736.96
36|CHELSEY|HILLYER|0915135252|4109618892|30750 HALIWELL CRESCENT, NORMAN, OKLAHOMA. PM50406|FEMALE|84040899|ISRAEL.REISS@LESLIE.TV|20634.86
37|COLSTAN|BURLEY|9704698615|7679645479|23274 HODGKIN TERRACE, PHOENIX, ARIZONA. PD15134|MALE|26871825|DYANE.LESTER@MCCORMICK.CO.US|25066.1
38|LIA|FARRIS|4901606729|3302984873|44848 BIRR AVENUE, BALTIMORE, MARYLAND. TC15786|FEMALE|64192137|BARNABAS.FRANCES@DOCHERTY.BIZ|65800.82
39|ROSEMARIE|AINSWORTH|9423620398|7402948748|26635 JELLEY GROVE, FORT COLLINS, COLORADO. XT28706|MALE|55995047|GARFORTH.HARBORD@OSMON.NET|20380.66
40|OZZY|HAGGART|1284760327|1138961946|4327 CARRY BUILDINGS, IRVING, TEXAS. RH76281|FEMALE|54426151|KENDRICK.BURK@BREADMORE.TV|56300.81
41|HEIKE|HEADEN|9372439814|5718960190|35535 LEVERIDGE GARDENS, MILWAUKEE, WISCONSIN. CX11356|MALE|93012621|ANTHONY.KENNEDY@JARROLD.COM|79983.04
42|KYLE|MAHONE|5799927445|7694921040|31511 ASHLEIGH BUILDINGS, TEMPE, ARIZONA. PL31696|MALE|69549855|KAYLEE.SHAFFER@BUSCH.CO.US|43660.04
43|MOIRA|GOURLAY|6101356382|6376182494|30276 MATTHEWS PLACE, MIAMI GARDENS, FLORIDA. ZL99121|FEMALE|76893598|VICKIE.TAILOR@REY.NET|55006.16
44|CHRISTOPHER|DOWNIE|2924565943|3208686327|17605 GARRAWAY ROAD, ALLENTOWN, PENNSYLVANIA. HQ50388|MALE|15305440|ANNAMARIE.HARDMAN@AMPLETT.CO.US|34629.96
45|AUGUSTINE|HUEY|9837614573|9428489830|15660 RALEIGH ESTATE, FONTANA, CALIFORNIA. VE50715|FEMALE|46092879|RONI.DUGGEN@INNES.TV|80635.1
46|OWEN|MCEVOY|6700678732|2113444108|24748 LUTON CRESCENT, TOLEDO, OHIO. GT50804|MALE|25796004|CARMELLA.DODSON@KIMBERLY.CO.UK|88282.05
47|NATHANAEL|FREDERICK|6113568623|6028579396|35110 HAMMEL GROVE, BROWNSVILLE, TEXAS. LQ81082|FEMALE|07220942|DARCY.LOCH@BRACKEN.BIZ|32870.89
48|KIERAN|MACY|3860273926|9763884948|27933 GOODSELL BUILDINGS, FAYETTEVILLE, NORTH CAROLINA. JZ39308|MALE|51512985|HOLLY.JOHNSTONE@ABELL.CO.US|38058.88
49|CASSEY|MEDCALF|6515467439|2581293342|30143 HATHERILL BUILDINGS, ORLANDO, FLORIDA. QF70662|FEMALE|02106338|CHERELLE.BEER@THORTON.CO.US|51088.91
50|MARLIN|BRAYDEN|5333539836|8608209864|43433 ELLSWORTH STREET, ESCONDIDO, CALIFORNIA. YB49045|MALE|31921108|JENNA.GOWING@STUCKEY.CO.FR|62048.54
51|QUINTIN|HODKINSON|4299713888|8614785236|31957 MCFADYEN BUILDINGS, HUNTINGTON BEACH, CALIFORNIA. BC10190|FEMALE|42099041|REGG.SCARLET@BAINES.BIZ|78820.4
52|FRANKIE|HAGUE|6331800425|2017092211|7565 CHURCHLEY STREET, BOISE, IDAHO. ZT89125|FEMALE|67352874|SKY.DAULTON@LYNCH.NET|82000.44
53|SHAYNE|DIBDEN|1741545337|0840635437|34215 CARLTON TERRACE, EL MONTE, CALIFORNIA. RR10886|MALE|04179658|LIZA.COLL@AYRES.BIZ|84060.91
54|GERVAIS|HITCHIN|4462528056|8317236932|21183 IRWIN PLACE, DOWNEY, CALIFORNIA. NQ99918|FEMALE|90208600|SHERMAINE.MOSELY@MCLACHLAN.TV|54868.04
55|GABRIELA|MCIVER|6372234148|6744039655|4231 BOWDON CLOSE, DETROIT, MICHIGAN. UZ69573|MALE|85160402|VERN.BLAY@COBURN.BIZ|84220.8
56|ELROY|BEAVAN|2847954486|9236319671|38578 MONRO DRIVE, ODESSA, TEXAS. DI52103|MALE|63532620|CHRISTEL.CAIN@MCCLOUGHLIN.NET|82810.85
57|MAGDALEN|GOATCHER|7795764477|0760010491|23221 GITTINS SQUARE, ROUND ROCK, TEXAS. NR33652|FEMALE|56357721|KALVIN.TOMAS@BOYCE.CO.FR|21980.31
58|DAPHNE|COAKER|2799159604|2943225070|9066 KEILEY TERRACE, WINSTON-SALEM, NORTH CAROLINA. MI13768|FEMALE|33488298|ABDIRAHMAN.ALLARDICE@SIMEON.CO.US|43450.8
59|KATRIN|HIBERT|1578544985|8945625418|34799 STEPHENS STREET, SYRACUSE, NEW YORK. VP34969|MALE|46099790|SHANTELL.HUSTON@FLOREY.TV|24247.05
60|IMAGINE|LARABIE|1600147658|2314765071|33873 BULKELEY AVENUE, FONTANA, CALIFORNIA. JG58061|MALE|86825443|RUBEN.CHAPELL@MCCREADIE.COM|14410.43
61|JUDIE|NOWELL|7177533021|5126987130|5235 BURG PARK, SAN JOSE, CALIFORNIA. ZN31524|MALE|99686905|MELVIN.ALLSOP@NEWBERY.CO.UK|48560.87
62|TITUS|LYON|0535735568|0054755494|20324 PRIESTLEY LANE, EUGENE, OREGON. NV39227|FEMALE|02824822|LYNDSAY.MYRES@HALLY.COM|28144.02
63|GODFREY|HARFIELD|7842287004|8430748378|7218 OGILVIE LANE, MEMPHIS, TENNESSEE. YX11656|MALE|51606417|SANDRA.ISLEY@NEWBERRY.CO.UK|72832.69
64|FRANCE|ARUNDELL|0389777421|7649969041|10623 BATES SQUARE, SPRINGFIELD, MASSACHUSETTS. PN75870|FEMALE|75404759|TREVER.CARUTHERS@HYDE.NET|48608.09
65|SIOBHANN|HOLSTON|3617390870|4245647053|14756 OBRIEN SQUARE, OLATHE, KANSAS. XN21936|MALE|10975398|SPENCELEY.IRVINE@LYALL.CO.US|90802.51
66|ISA|WHITALL|3712968302|9743498005|16690 NEUMAN ROAD, OXNARD, CALIFORNIA. VR41880|MALE|14639195|READ.FLOREY@PENDRAY.BIZ|38806.0
67|ERNEST|KINKADE|2418973364|5068377282|28471 HAGUE SQUARE, BOSTON, MASSACHUSETTS. EQ75484|MALE|60254077|WESLEY.BIRR@PAGE.CO.FR|58230.18
68|CATY|GALLAWAY|4462106344|9094950725|12923 HUFFMAN TERRACE, BAKERSFIELD, CALIFORNIA. XR21806|MALE|09693727|FELIX.MANDERVILLE@KOHN.CO.UK|42640.04
69|TERI|ALAIN|0072594337|0800865277|18545 CARTLIDGE DRIVE, TUCSON, ARIZONA. XZ13324|FEMALE|70707010|WAYNE.DEAKIN@CAISLEY.COM|96480.04
70|CAMEROON|HAWLEY|2672580653|0936213806|6570 JESSOP DRIVE, ANCHORAGE, ALASKA. LP11798|MALE|34075651|MARLYN.NEWBERY@LUNNY.COM|81220.27
71|FREDRICKA|WADDELL|7700800441|1996222257|32206 DEMERY CLOSE, LAKEWOOD, COLORADO. LL49757|FEMALE|84975887|JACKSON.BRAY@GRAVELLE.NET|48248.49
72|TERRIE|ETHERINGTON|0750396236|8228259785|34320 JOHNSTON STREET, NAPERVILLE, ILLINOIS. UJ93437|MALE|01499601|BILLY.HOWEL@DONAHUE.BIZ|44485.99
73|IAIN|SALMON|5545540448|7883448974|12973 FRIAR LANE, AKRON, OHIO. DP82747|FEMALE|04605199|ATHELSTAN.ETHRIDGE@COLLYER.TV|20304.58
74|ARMANDA|KENNEDY|4555194544|2621800654|45047 RANSOM PLACE, AKRON, OHIO. HI15342|FEMALE|30093191|MALCOM.JOLLY@EDMUND.BIZ|32832.54
75|BRINN|FARRIER|6971930234|0593000145|3918 KALIN AVENUE, COLUMBIA, MISSOURI. YD46434|MALE|62252007|KYLE.MURRAY@CURRYER.CO.UK|87444.73
76|BETHAN|JERRARD|9759438737|9604381709|27239 MAURICE LANE, DES MOINES, IOWA. HP38835|FEMALE|19379766|WINNEY.CAMPBELL@NISSEN.BIZ|84640.07
77|GILLAN|BEDDALL|6820409011|7089265764|30773 BOOTHE CRESCENT, MIAMI, FLORIDA. PM34510|MALE|86625529|ROBIN.MCINTIRE@BACCUS.CO.UK|76107.0
78|ELROY|LAWS|3889761097|1491291776|28401 FINNIGAN GROVE, PEMBROKE PINES, FLORIDA. CS82042|FEMALE|03657782|MIRA.CLAIRMONT@CORBIN.CO.FR|90520.09
79|CLEMENT|JAGER|3011534159|4783138017|21995 HENNESEY CLOSE, ATLANTA, GEORGIA. PP88473|FEMALE|94482375|SANDI.CUSACK@GRANE.CO.US|71440.88
80|JAIME|MAUD|4336264694|7976931801|11987 LATHEM ESPLANADE, CHARLESTON, SOUTH CAROLINA. JL55960|MALE|37319550|JANIE.LYNN@BARREN.COM|66658.1
81|NIAL|KELLAR|5974910459|7350134255|22252 HALDEN PLACE, TULSA, OKLAHOMA. XZ88738|FEMALE|27457498|LIZABETH.IRONS@COLLE.NET|69108.85
82|ANDERSON|WILBER|2298375236|9920522177|32729 MERICK BUILDINGS, ARLINGTON, TEXAS. TC22708|MALE|98623160|KARLEY.LUNNEY@MCGOWAN.TV|64884.15
83|KYLIE|HACKETT|0519082337|3677782811|16026 WILSON PARK, CORPUS CHRISTI, TEXAS. KV18747|FEMALE|62817956|VIKI.COCHRANE@BACHELOR.COM|80048.32
84|CAREY|PENDREY|5462555711|6546543499|44665 PEDLAR BUILDINGS, BOISE, IDAHO. DX34569|MALE|25059453|CASSANDRA.METCALFE@HADEN.NET|68000.51
85|BERNARD|HALLIHAN|6541675644|3684785174|34053 DANIEL GROVE, SYRACUSE, NEW YORK. VD26457|MALE|19662928|ISMAEL.HENDRIE@ELLS.NET|67391.0
86|JAHRAIN|MASON|8526013367|0706469031|34589 MCKINNON BUILDINGS, NORMAN, OKLAHOMA. BP50860|FEMALE|59366956|JOHANNA.MARCUS@GRINSTED.TV|25802.09
87|MAN|BROOKS|2052274260|1716090388|7180 HEIN CRESCENT, ROCHESTER, NEW YORK. PC95397|MALE|86141723|DANNIELLE.FOWLE@HARRISS.BIZ|78245.0
88|DWITE|GULLICK|6373046081|6107018529|4799 BOYD STREET, WICHITA FALLS, TEXAS. XX14702|MALE|10655929|STANFORD.KERRIGAN@HAYE.CO.FR|40586.48
89|ELICIA|CURTIN|8341395137|0472534070|18762 ALISON BUILDINGS, CHANDLER, ARIZONA. FZ41168|MALE|53752898|CAROLINA.CROSBIE@DEWAR.TV|18708.0
90|ELLY|EDWARS|7325532067|0906655590|31674 ASH ESTATE, BOSTON, MASSACHUSETTS. PQ11912|FEMALE|68854465|DENNISE.BARRAT@KEMPT.CO.US|41604.49
91|BERNEDETTE|ARCHBOLD|6713348415|8401856710|12757 LOVALL LANE, PUEBLO, COLORADO. PM10107|MALE|26608735|ADELINA.FELLOWS@BREY.CO.US|84835.14
92|KIRSTIE|GRACEY|5026029528|1940574930|18098 BROWN CRESCENT, NORFOLK, VIRGINIA. LP68156|FEMALE|70075470|MABLE.SHUTTER@FINLAY.CO.UK|21548.8
93|SIMION|FAIRS|8964225546|1156151958|43659 GALLOWAY PARK, NEW HAVEN, CONNECTICUT. HF15456|MALE|68800784|IRENA.BRIAN@NEWALL.BIZ|82080.56
94|CHAS|ARMOR|6326033788|2179725720|44171 KRAMER ROAD, GLENDALE, CALIFORNIA. LX18674|MALE|19032832|SIOBHAM.MAY@MCREA.COM|55818.68
95|GAYLE|STANLY|0392602765|6032518569|41003 COLEY TERRACE, EL PASO, TEXAS. WP59987|FEMALE|59099653|RAFAL.JOYCE@LEMMON.COM|31705.28
96|DEN|MARTEN|1463818598|6211310578|5580 HYDE CRESCENT, SANTA ANA, CALIFORNIA. HB61911|FEMALE|80584123|AYDIN.MYTTON@MORRISEY.CO.US|44009.05
97|JODIE|BAUERS|4175403331|9870266297|39342 EVANS ROAD, THORNTON, COLORADO. AS59105|FEMALE|99193123|JARRED.HILLYARD@MORRICE.TV|10452.3
98|VAL|EDMOND|7115147380|6065141135|30700 TULLOCK ESPLANADE, SALEM, OREGON. PZ19848|MALE|18275229|LUCIO.COLBORNE@CURRYER.BIZ|81458.68
99|NATHANAEL|SHEPHARD|4593922795|1261944532|4271 HODKINSON STREET, SHREVEPORT, LOUISIANA. RH15625|FEMALE|25113154|CHRISTOHPER.LOHMANN@HANDSFORD.CO.UK|68684.01
100|AMELIE|ETHERIDGE|0695211513|5398964530|48058 HANES AVENUE, WASHINGTON, DISTRICT OF COLUMBIA. NW38337|FEMALE|87347483|JORDON.COKER@RIDDELL.CO.US|91668.76
101|SHAIN|WALLICE|1068475362|8572504956|13613 SIMES ROAD, FAYETTEVILLE, NORTH CAROLINA. PE74180|MALE|55400407|LEIGHTON.HABGOOD@WARRENER.TV|68640.08
102|TONI|JEFFORIES|8477374682|4672802963|28105 MORGON ESTATE, DURHAM, NORTH CAROLINA. XM92411|MALE|98743541|JACQUELIN.MATTINGLY@KERN.BIZ|90440.0
103|ABIGAL|PIGGOTT|3506616157|0053430535|44086 EVES GROVE, OMAHA, NEBRASKA. ZB10249|FEMALE|87726556|GLENDA.MURPHEY@CLEARY.CO.US|43052.5
104|BILLIE|PARKS|2396315802|4719692820|32560 CAMBELL DRIVE, DENVER, COLORADO. XW46127|FEMALE|02350400|CALLEN.DONAGHY@SOMMERVILLE.CO.US|74006.4
105|LINDA|DRAGON|3077708217|4855391938|17424 BLYTH PLACE, PITTSBURGH, PENNSYLVANIA. PH93296|MALE|20009080|ZIGGY.CRADDICK@HENEY.CO.UK|17618.02
106|LEYROY|WESLEY|9544866797|8464396228|22588 HUBBARD ROAD, WACO, TEXAS. YL78296|MALE|18146403|ARSLANE.DERRECK@HOGGAN.CO.FR|27883.31
107|JESS|BOWMAN|8518624854|9791380489|16547 BROWNE ESTATE, CLEVELAND, OHIO. PU94938|FEMALE|73397163|EATHAN.STORRIE@QUINTEN.BIZ|45242.32
108|MOHAMMAD|HOLLINGSHEAD|2717723303|3484883579|22492 RIGLEY PLACE, RANCHO CUCAMONGA, CALIFORNIA. TH68975|MALE|73221463|VALERIA.DERECK@CONNELL.BIZ|58514.26
109|DYANNE|COWEN|0655595785|4769161378|1223 DANNIELS TERRACE, STOCKTON, CALIFORNIA. BP41267|FEMALE|27723750|SHANON.BOIL@BURCH.CO.US|48963.2
110|EBONY|KETTEL|1862251687|1760789597|9375 HOWSE ESPLANADE, SANTA CLARA, CALIFORNIA. RX81875|FEMALE|33704951|ARTUR.BARKS@STORRIE.CO.UK|82010.83
111|LENNY|GREEN|4491062189|0591852815|37915 AMERY PLACE, PORTLAND, OREGON. TP72657|MALE|35856107|AUDRY.CLEARY@SHEPPERD.CO.FR|28830.43
112|JINNY|MOLONEY|7037643697|5776846288|12179 SALOMAN ESTATE, HIGH POINT, NORTH CAROLINA. FH30114|MALE|04255630|JERRI.PARSONS@GUINNEA.TV|92489.66
113|KATE|RICKARD|8209778507|7815377423|11005 FISHER AVENUE, SANTA CLARA, CALIFORNIA. VD58328|FEMALE|52756766|ELEANORE.MCFADYEN@BEVAN.BIZ|73041.68
114|BRENNAN|DONOGHUE|3863831511|3235102680|29441 AMOR ROAD, VISALIA, CALIFORNIA. BV39371|FEMALE|66580962|GENA.COTTEREL@REEVES.COM|38328.24
115|JODEY|BELLE|4918083807|0735707867|9986 MCCARTHY AVENUE, LEXINGTON, KENTUCKY. JF73860|MALE|14683510|BENTLY.SIMEON@THORPE.CO.UK|90082.02
116|GAREY|LEVERAGE|2346498768|6147839358|48289 MEHAN DRIVE, NEW HAVEN, CONNECTICUT. PR15957|MALE|47319436|MOIRA.CHINNOCK@GIVEN.CO.US|44066.85
117|GLYNNE|MOARE|9619630834|7085870760|18984 EMERSON BUILDINGS, CHESAPEAKE, VIRGINIA. BH70302|FEMALE|40813714|BEBE.MARRICK@MEAKE.CO.UK|27000.44
118|ROXIE|BLACKMOOR|4317721405|2538248293|44992 MILLES STREET, TOPEKA, KANSAS. KJ89576|FEMALE|86506540|REBECA.RUNDLE@JEFFERYS.TV|23840.11
119|GLENYS|MALONEY|2173932047|3183643518|22769 KEYNE ESTATE, HOUSTON, TEXAS. HL11972|FEMALE|58142458|LILY.MUNROE@HIBBARD.CO.FR|51328.8
120|SHAY|GUINEA|1072022725|6513847923|40719 PARFITT ESTATE, ROCHESTER, MINNESOTA. WS93932|MALE|62141906|JEWELL.PHILIP@CRANE.COM|40906.1
121|RIKKI|PIGEON|2921233375|4976924093|49123 MOLONY PLACE, LEXINGTON, KENTUCKY. ZV35266|FEMALE|59534769|REBECA.EMET@BUSH.CO.FR|88788.28
122|GUSTAVO|HARKNESS|2983000820|3177037546|10391 HANSEN ESTATE, LINCOLN, NEBRASKA. YL27891|MALE|89044869|CLAIRE.CONNORS@POINTER.CO.US|60188.46
123|JONTHAN|LEVIS|9980135168|9256973864|38246 DAMION TERRACE, AURORA, ILLINOIS. FE47792|MALE|45057661|HYE.JARROLD@MCCAUL.CO.UK|44950.01
124|TAYLER|HITCHEN|9121079174|0590577452|27997 MONAHAN CLOSE, BURBANK, CALIFORNIA. LW63676|FEMALE|15517916|KIT.BUCKLEY@MCAVOY.NET|50008.77
125|VINCENT|DUFFEY|5491508142|2890099378|32030 LILLEY SQUARE, COSTA MESA, CALIFORNIA. KD66154|FEMALE|22021025|VICTOR.SIMONS@ARNETT.BIZ|48003.0
126|FAISAL|KAIN|7601340201|3481272126|5062 CURRIE TERRACE, BELLEVUE, WASHINGTON. DF43170|FEMALE|30289415|SHEENA.ABBOTTS@EVERITT.TV|96146.35
127|CORNELL|KERNE|3896270225|3923332380|27104 WARDELL GARDENS, CHESAPEAKE, VIRGINIA. PX11336|MALE|18212178|CATHRINA.BRUNSON@BAILEY.COM|46521.3
128|ALISHIA|HARVIE|6845237481|8853247428|18980 HEBERT DRIVE, ANN ARBOR, MICHIGAN. MH13604|MALE|92646272|STEPHANI.ANTONY@BARBAR.BIZ|14806.62
129|CLAY|BEETON|0756501901|8009876273|28262 THOMAS CRESCENT, LITTLE ROCK, ARKANSAS. XF75710|MALE|58405235|KARLY.NICHOLLS@CASH.COM|84289.84
130|DUGGY|BALE|7412386527|0204518442|11213 SYMES DRIVE, WINSTON-SALEM, NORTH CAROLINA. TN52763|MALE|54693830|DARRYN.EDON@MAHONY.CO.US|84406.0
131|IBRAHIM|CORNER|8690800349|2637285680|12654 ERICSON CLOSE, KANSAS CITY, MISSOURI. LE20656|FEMALE|89131857|HUSSIEN.LOWREY@MULLOY.CO.US|66428.04
132|SHERRELL|CARL|2424091189|9031429847|27183 DALGLEISH ESTATE, WEST COVINA, CALIFORNIA. DB97021|MALE|84906438|GRAHAMN.EMMETT@SHERIDON.NET|84033.8
133|MELINDA|HARDING|3833412728|4421699161|13624 NILSSON CLOSE, ELK GROVE, CALIFORNIA. TD11376|MALE|84684520|AIDIE.BOWIN@RALEY.CO.UK|42018.87
134|BRENNON|BAUR|0873597766|4428858337|35366 MURTON AVENUE, SAN DIEGO, CALIFORNIA. YP32006|FEMALE|17166652|FRIEDA.MCKIE@KOHN.TV|28085.54
135|BROOK|LLEWELLYN|4628349082|2131721420|30426 GILLIS AVENUE, THORNTON, COLORADO. PZ58088|MALE|26620008|COREY.CASSADY@BRITTAN.COM|90405.62
136|BREN|MCVEE|2445834228|3729809204|39129 LAWTON ROAD, JACKSON, MISSISSIPPI. CW65581|FEMALE|59847051|MORRIS.MCCLAIN@TOMPSON.BIZ|48846.19
137|STEPHENIE|SIDDLE|3358089893|5168834040|39653 COLLIER DRIVE, CENTENNIAL, COLORADO. NP42559|FEMALE|26439766|EMIL.MULLEN@GARET.CO.UK|48656.02
138|LENARD|HODGSON|2556316230|7722814161|47076 BOYS ROAD, BOULDER, COLORADO. FR90396|MALE|95824888|JOYANNE.FAIRE@RICHMAN.BIZ|90400.89
139|REID|NICHOLAS|9510479487|3595635259|3968 WELSH DRIVE, FRISCO, TEXAS. TH96321|MALE|05940501|SADIE.MATHYS@HEAYNS.NET|38540.1
140|EVON|TOMMAS|9385486803|8849990871|14811 HYDE SQUARE, NORMAN, OKLAHOMA. PY63769|MALE|06267077|TODDY.GOLDON@FAIRBORNE.CO.US|61412.96
141|KAREEN|GUNTER|8742309179|8144314593|15779 LEGGETT ROAD, MINNEAPOLIS, MINNESOTA. CH90467|FEMALE|65374286|KANE.HEBBARD@BRATTON.CO.UK|68880.93
142|JIMMY|MACY|2446968695|9017924968|41371 MURISON SQUARE, INDIANAPOLIS, INDIANA. FX88275|MALE|12317433|DERICK.BLAZE@BEASLEY.CO.UK|88820.84
143|FELICITY|CLEARY|1383542365|9175758384|31678 LANFORD PARK, LONG BEACH, CALIFORNIA. FP19026|FEMALE|24664888|TESS.BROWNLIE@MEAD.NET|95808.4
144|ERNIE|MCCAUL|5631239154|1007279724|28970 BARNES BUILDINGS, NORTH LAS VEGAS, NEVADA. OD51457|MALE|54569455|SOPHIANN.ERNEST@BREADMORE.CO.UK|25623.6
145|AMELIA|GRAVEL|6143407101|6566615997|42901 KOVACKS CRESCENT, ODESSA, TEXAS. BD79719|MALE|79352899|ESTER.BACHELOR@CARDWELL.CO.FR|20852.08
146|CLAY|OAKE|3952024068|0056580709|17423 MCNEE DRIVE, CORAL SPRINGS, FLORIDA. DL70834|FEMALE|02986227|NAOMI.MCCALL@KEYSE.COM|47428.3
147|KITTY|CURTISS|1260483236|3852792707|19264 KERWIN DRIVE, COLUMBIA, MISSOURI. DY15980|MALE|50372006|DALJIT.BETZ@BABBAR.CO.FR|22090.16
148|ERIC|FEELEY|5815484057|3651078445|23220 PERRETT DRIVE, PASADENA, TEXAS. MX10332|MALE|81260302|JONATHON.ELLIS@BAGGETT.CO.US|29492.81
149|MEL|BREADMORE|9190674342|9824268185|11379 LONGMIRE GARDENS, ST PAUL, MINNESOTA. HX49476|MALE|24532933|CYNTHIA.ETHRIDGE@CLEAVES.CO.UK|87782.0
150|DANNIELLE|BOWNESS|8774745097|5247884815|1296 MICHELL PARK, JACKSON, MISSISSIPPI. ZF14320|MALE|38378735|ALEXIS.PIDGEON@KELLER.BIZ|20881.08
151|NICKIE|CARTHY|4932291329|4260640400|40335 WAGGONER BUILDINGS, LAKEWOOD, COLORADO. PD10248|MALE|64136980|SHIRELY.ABBOT@DEKKER.COM|50764.44
152|RACHEL|ELKE|1696446241|8646605574|3817 MACKINTOSH ESTATE, EVANSVILLE, INDIANA. JB42894|MALE|36006224|DANILO.WYRE@HAWES.CO.FR|98442.09
153|YANN|MCCLAINE|9473794949|5887862640|36469 MILLIN AVENUE, BUFFALO, NEW YORK. DT60212|MALE|49957018|KIERON.PRICE@BROOM.COM|33046.01
154|HELIMA|KELLER|4632334275|0012523251|31988 MCDONOUGH AVENUE, PEORIA, ARIZONA. BT33601|MALE|37332645|GWYNETH.THORNE@MUSE.CO.UK|46022.08
155|DUGLAS|DONNER|9402645062|5896471029|13822 HOCKIN CRESCENT, BEAUMONT, TEXAS. TP89860|MALE|65815919|DONALD.SHEPPHERD@KENDELL.BIZ|88268.76
156|DEBI|KEELAN|3403020619|7123638772|27986 GREGORY AVENUE, PALM BAY, FLORIDA. VQ23144|FEMALE|46551817|ZI.KERVIN@GRADEY.CO.FR|26704.02
157|LUCIE|FARNWORTH|7879451547|3504355690|39627 BARROWS LANE, PORTLAND, OREGON. GZ97305|MALE|70486992|GREGGORY.HANNA@LAUGHTON.CO.UK|43132.6
158|STEPHANE|CORBAN|1681856517|5264849988|48516 SOMMERVILLE CRESCENT, FORT WAYNE, INDIANA. HZ93277|FEMALE|54804246|ANOUSKA.BURGIS@MCCULLA.TV|71078.49
159|LUCI|DAVEY|0329774064|3760959841|4060 NEILL SQUARE, ARLINGTON, VIRGINIA. ND99650|FEMALE|92419778|CAROLIN.PHILIP@DEAKIN.COM|96270.0
160|WAYNE|NICHOLLS|3459508649|2567227707|30318 CHISOLM LANE, ARLINGTON, TEXAS. UL14441|MALE|31230815|DELMA.BEERE@MILLAR.NET|84840.87
161|ZEKERIYA|EDGAR|5506445029|2262607436|2725 ANCEL AVENUE, ARVADA, COLORADO. PN63867|FEMALE|42370957|WINNIE.HADEN@GLENDENNING.COM|55280.0
162|NATASHIA|SARGENT|5882522727|0392509809|15507 RENDELL BUILDINGS, SANTA ROSA, CALIFORNIA. RP17100|FEMALE|37239561|SILVA.BOLDEN@MOFFAT.BIZ|84800.91
163|LACY|DAVIS|4831919234|8812878090|1477 LEMONS BUILDINGS, MIAMI, FLORIDA. NP24325|MALE|42976785|ALISTAR.OSMON@JORDEN.BIZ|44189.48
164|YOUSUF|SHEPPARD|0614661315|7601188358|22971 EDOUARD ESTATE, LINCOLN, NEBRASKA. PO81903|FEMALE|81537605|JILLIAN.PEEL@GILLARD.CO.UK|90691.8
165|PEARLY|SHAFER|7838366774|8896694157|48176 HAUGH CLOSE, SUNNYVALE, CALIFORNIA. BL15102|FEMALE|71992537|CODIE.CURTIS@ENTWISLE.TV|68646.87
166|CHANTELLE|LECH|7915496906|7614580278|44184 HENDRIE GROVE, NORTH LAS VEGAS, NEVADA. TD21951|MALE|77517631|ALEXANDER.MCCOMB@SAWYER.TV|65844.87
167|ANNICE|GRACIE|1501104937|0567825278|19087 WIRE AVENUE, ARVADA, COLORADO. PP25456|MALE|78541037|GEORGE.GEDDES@HEENEY.TV|68468.0
168|STANFORD|BARRAT|8022773542|7449027338|16211 CONNELLY GROVE, OLATHE, KANSAS. TP94519|FEMALE|14219420|KENTON.LEES@DAILY.TV|70811.82
169|HELENE|BUCHANNON|8439144466|0081612454|27475 POLAK STREET, CORONA, CALIFORNIA. NH31014|FEMALE|01223303|VIV.CONOLLY@PEERS.COM|84018.8
170|RODDY|FREEZE|9478550999|2588920751|1163 MCNEILLY TERRACE, OKLAHOMA CITY, OKLAHOMA. TK83910|FEMALE|05947903|FASAL.SPILLER@BAILEY.COM|80500.66
171|MOLLY|HORAN|8731400828|8478579867|41197 GOREY PLACE, MILWAUKEE, WISCONSIN. RK36790|MALE|31060684|SHEENA.CANON@KIMBERLY.NET|41022.88
172|VICKI|COLEMAN|3156480577|7833682905|38206 AINSLIE SQUARE, CENTENNIAL, COLORADO. HR12428|FEMALE|17427394|EAMMON.BAYNES@BAWN.CO.US|35400.64
173|ALETHEA|KETTLE|6517028688|5927789402|8444 POMROY PLACE, GILBERT, ARIZONA. XJ13948|MALE|73029250|JOSIE.JEWEL@MCCALL.COM|41894.7
174|COREY|LAURY|8363567381|6038191584|28981 FOULKES DRIVE, KNOXVILLE, TENNESSEE. AU98136|MALE|50297853|JON.BECH@MILLAN.NET|64646.69
175|DWITE|MANDEVILLE|9261783747|2731932419|34880 GUILBERT CLOSE, SOUTH BEND, INDIANA. JT10826|FEMALE|48235770|KRISTEN.EYRE@SIMMONDS.CO.US|82456.38
176|KARLEY|HUBER|3851847845|1045152091|18131 BOWAN SQUARE, WASHINGTON, DISTRICT OF COLUMBIA. DV53085|MALE|72935371|AMARJIT.EMSLIE@HUMPHRIES.NET|84305.85
177|COLIN|PEAL|2558107621|3814161765|4472 MARTEN GARDENS, BRIDGEPORT, CONNECTICUT. HD59912|MALE|82604435|DENNIS.KINCADE@BURNETT.COM|78846.76
178|LYNDIA|ROWELLS|2942015299|2239555993|4011 DENYS AVENUE, LANCASTER, CALIFORNIA. GO80293|MALE|24496384|LELA.GAULT@COFFEY.TV|40888.05
179|YUSSUF|BARTON|3770667032|2643212475|41128 RAMSAY LANE, NORFOLK, VIRGINIA. CX92650|MALE|07534695|ALENA.CAMDEN@LINSEY.NET|42568.44
180|MOSE|BROTHER|7904457536|5048126408|13670 JESSUP ESTATE, AURORA, COLORADO. JP45329|FEMALE|74449476|ELSA.KEEGAN@MEDCALF.TV|34086.08
181|BHUPENDRA|MADDEN|9734355182|2913436897|36632 WORDEN LANE, KILLEEN, TEXAS. HT82606|MALE|12531683|AMBERLY.CLEEVES@BALES.CO.FR|83463.41
182|DELROYE|BOWNESS|7573662485|1984094651|13811 KEMPT GROVE, NEWPORT NEWS, VIRGINIA. FH17200|MALE|37288202|JANNIE.HILLYER@OSMON.CO.US|60946.02
183|CARISSA|LUXTON|8432364793|6348167619|45756 MAYER BUILDINGS, AUSTIN, TEXAS. OX16976|FEMALE|23614145|ANNMARIE.BARTRAM@COPELAND.COM|80731.8
184|ZACHARIA|CONNERS|1795893813|6126827830|9726 LAWRANCE ROAD, LEXINGTON, KENTUCKY. XW17671|FEMALE|63392803|JOELLA.DUNLAP@KARR.TV|61042.05
185|BOBBIE|FRANKLYN|5327397932|2579933578|25139 EMBURY GROVE, OAKLAND, CALIFORNIA. FL32599|FEMALE|75251098|WAYNE.KEMPE@DENHOLM.NET|62408.88
186|MANUEL|HAWKE|0462399317|9273965418|45559 YATES LANE, CORONA, CALIFORNIA. PT12380|MALE|25807194|JAMAL.FLANNIGAN@CARREL.COM|32084.5
187|DARON|LIVINGSTONE|1800704739|4064600918|43877 KRUSE ESTATE, BELLEVUE, WASHINGTON. BC27234|FEMALE|06206535|ADAM.FAGIN@BREADMORE.CO.UK|50065.02
188|ERIC|DORE|3739890232|6861824809|34039 FREEZE PLACE, COLUMBUS, GEORGIA. PX68563|FEMALE|50045298|FRANKIE.DEERY@LEIGH.NET|77000.42
189|KATIE|MEAD|2979296861|2462154649|17986 BUCHANAN ESPLANADE, SANTA ANA, CALIFORNIA. TA18600|MALE|00934513|REID.DEACON@PAINE.CO.FR|67024.16
190|DANAE|HOLWELL|7765624068|2369327240|29452 MCNEAL BUILDINGS, BEAUMONT, TEXAS. EN46517|MALE|51222601|JAMAL.BACKER@ELLIOT.CO.FR|18659.4
191|VIRGIN|JAY|4037868750|2992228499|33875 MCMAHAN SQUARE, RENO, NEVADA. XP16496|FEMALE|61727690|VERONIQUE.PIGGOT@HICKLIN.CO.UK|54608.29
192|ISHMAEL|CROSBIE|1459455402|1128730547|43105 BEATTY GARDENS, BELLEVUE, WASHINGTON. HA93677|FEMALE|31309659|KAIE.FAIERS@WHITNEY.COM|24063.98
193|GILL|MORRIS|3247576413|1315610384|24983 CURTIN PARK, WEST COVINA, CALIFORNIA. DP22817|FEMALE|06513790|OZZY.FYFE@HIGHLANDS.COM|82622.47
194|AMED|GILLY|3408380054|6581201807|47865 JENKYNS PARK, EUGENE, OREGON. XJ13228|MALE|78337955|BRADLE.GRAIN@BUTTLER.TV|44084.02
195|ALTHEA|COLLIER|7019952751|9744289452|38613 MCNEILL CRESCENT, GARDEN GROVE, CALIFORNIA. ZP43615|FEMALE|38645568|DOMINICA.SIMEON@THORPE.CO.UK|20220.46
196|AMIT|SHEEAN|4716206351|1655545875|6086 HARGREAVES CRESCENT, TORRANCE, CALIFORNIA. XF33843|FEMALE|90886311|MELINDA.KEALY@SERGANT.COM|80800.06
197|DARYL|TAILOR|4211612197|3584506985|15747 FAGIN STREET, SAN BERNARDINO, CALIFORNIA. ML67555|FEMALE|19988038|JESSI.MCDONAGH@CLAP.CO.US|60001.86
198|VAN|MCCARTHY|3683064493|6972102960|41705 HAMMOND ESPLANADE, ABILENE, TEXAS. HZ48903|MALE|41558012|KATHLEANE.PYNE@FITZSIMONS.CO.FR|30690.44
199|DONNY|COSGRAVE|3610881197|9290255993|11055 PIERCE ESTATE, KNOXVILLE, TENNESSEE. XN63249|MALE|70024045|RACHEL.HURD@HEALEY.CO.UK|32736.08
200|MARGUERITE|CASON|2277970430|4853091122|7209 ALLIN SQUARE, HARTFORD, CONNECTICUT. HB72557|MALE|65285221|DAYMON.COOLIDGE@BECKETT.COM|80644.5
201|CATHRINE|SHANON|0373547457|2287859664|40815 HUFFMAN ROAD, CLEARWATER, FLORIDA. OM52731|FEMALE|46200107|KIEREN.BURRETT@MAGILL.CO.FR|42064.88
202|CALLAN|BRIDLE|5432906292|6142187874|47536 COOMES GARDENS, AUGUSTA, GEORGIA. OT68138|FEMALE|08307710|JEREMY.MORRALL@DENYS.CO.US|86097.42
203|MARSHALL|MCPHEARSON|0804223545|9167143562|5061 LEGATE PARK, LOS ANGELES, CALIFORNIA. RH12718|MALE|60412406|EILEEN.CAIN@HASSELL.CO.US|73460.82
204|CAROLA|REEF|0103683383|7296510728|40096 HARBORD TERRACE, MIAMI, FLORIDA. AP83427|MALE|48204925|SOPHIE.HARKESS@BARRAN.CO.US|45003.24
205|DUNCTON|CASSEY|2982186141|0447940231|48931 ELLIOTT CRESCENT, LUBBOCK, TEXAS. AV57291|MALE|02694099|KYLE.NOWELL@BEEDELL.BIZ|84926.55
206|LOUANNE|GARDNER|0523182690|0065270604|48912 HARINGTON CLOSE, NEW ORLEANS, LOUISIANA. XU98473|FEMALE|90729945|WILLIE.HOLSTEIN@HOWSON.COM|20532.36
207|BEATRICE|CHURCHLEY|5372610659|1438400235|32739 COAKER CRESCENT, CHARLOTTE, NORTH CAROLINA. YV84787|FEMALE|97268457|ARNAUD.MCBRYDE@JERVIS.CO.UK|84949.19
208|KALI|MULHOLLAND|2085637373|0598175445|5075 JONS BUILDINGS, ATLANTA, GEORGIA. GX70038|FEMALE|72270595|TIMOTH.LEVY@NIEL.NET|30405.48
209|PENELOPE|EUSTACE|8333413504|9478582515|3001 JEMISON ESPLANADE, TOPEKA, KANSAS. ZZ94502|MALE|95510335|REBECCAH.GRAIN@ENNIS.NET|43482.24
210|DANIELE|WATERS|3864375081|6882932236|41458 HENDLEY GARDENS, OAKLAND, CALIFORNIA. PH83616|FEMALE|93148902|PHILIPPA.KERRIGAN@GUILBERT.TV|84103.28
211|DELMAR|KERVIN|0755923193|1256862234|14268 BOAL DRIVE, HAYWARD, CALIFORNIA. JX68315|FEMALE|16047147|MELINDA.CORNER@GOLDING.NET|78384.47
212|GAYNOR|KILDEA|0451271838|9867955056|35542 BONER PARK, SPOKANE, WASHINGTON. FJ28058|FEMALE|94432321|CHRITOPHER.WYLLIE@PRIOR.TV|98938.04
213|KRIS|BERRY|1663238526|0534420867|4259 EDMUND TERRACE, VANCOUVER, WASHINGTON. YR19957|MALE|96817334|SIMONNE.CANTIN@CARLE.COM|45083.0
214|MARGARET|LAMOND|4889015823|9635992060|6356 LUNDIE CLOSE, SAN FRANCISCO, CALIFORNIA. GL12748|FEMALE|47943096|WITNEY.DENHAM@GREG.BIZ|27048.22
215|ABDOU|HARGROVE|8809205017|7808920718|6217 KENDAL GARDENS, FORT LAUDERDALE, FLORIDA. PR98481|MALE|67425018|HUGHIE.PARKS@CHRISTY.CO.US|42408.96
216|LAUNA|DUNNE|4734165621|6529587017|47651 BAIN ROAD, PHILADELPHIA, PENNSYLVANIA. PG18724|MALE|95751538|VERNE.SHERIDEN@DEA.TV|60138.29
217|ABDIRIZAK|FORRESTER|9493323828|1594617691|5460 COLYER CRESCENT, MINNEAPOLIS, MINNESOTA. LP58655|FEMALE|55035016|RUBIE.LEIGH@PROSER.BIZ|54498.86
218|BRYN|BRITT|3581614016|9157125195|22535 MCQUAID GROVE, WEST VALLEY CITY, UTAH. TH50818|MALE|55808594|LIZABETH.MCCORMACK@HAYES.TV|15018.7
219|GAILE|ABOTT|4384887251|9560868775|10288 BRODERICK AVENUE, SANTA ROSA, CALIFORNIA. HW25670|FEMALE|68164808|DAISEY.BRIDLE@QUINTON.COM|42002.76
220|GEAN|COUZINS|6549110497|8472305913|39594 JAEGER ESTATE, FORT WORTH, TEXAS. XO57765|MALE|27765991|DERRYCK.MCCOLLUM@FAR.NET|57888.61
221|VIVYAN|CONNOR|1630819378|7536065380|23657 HILLIER BUILDINGS, ATHENS, GEORGIA. DH57934|FEMALE|95355312|SANDIE.TINDELL@AMPLETT.NET|84303.02
222|ZI|BRATTON|2487920070|6667129453|12147 SHEEHAN AVENUE, LEWISVILLE, TEXAS. PV69856|FEMALE|13899270|CRISTIE.NICKLAS@HINDES.CO.UK|90202.26
223|ROWLAND|GEMMEL|2905841551|0215414890|7341 AHEARNE ROAD, CHATTANOOGA, TENNESSEE. IX65265|MALE|35942275|ELVIN.HARGREAVES@COLLACOTT.CO.FR|68484.77
224|HUSAIN|SINCLARE|8669889269|5048261330|48454 BEDDALL ESPLANADE, LAREDO, TEXAS. ZP93852|FEMALE|22934869|IVIN.GREEN@CHILCOTT.BIZ|40602.95
225|STACEY|HINES|3929178110|6619506352|8469 MACNALLY BUILDINGS, MILWAUKEE, WISCONSIN. HP13743|MALE|75040282|KATHRINA.RIDDELL@FOOTE.TV|78001.73
226|BRENNON|WYER|7997414348|9434407931|19048 CHALLENDER CRESCENT, AURORA, ILLINOIS. IX88782|MALE|29440778|IVRYN.DONOVAN@HALLIGAN.NET|40602.0
227|JOANNE|BANNISTER|4707352073|5391373493|5898 ANDREW PLACE, FRESNO, CALIFORNIA. TZ98126|MALE|11854217|CARLENE.CUSACK@HAINS.BIZ|89488.02
228|JOE|ELIE|8914917227|9798952134|19591 FURGUSON CLOSE, TALLAHASSEE, FLORIDA. IL47829|MALE|73991785|ANWAR.GAWEN@BRETT.CO.FR|86428.68
229|COURTENEY|HOLSTON|3939276631|6866484223|33446 BEVIN ESPLANADE, DETROIT, MICHIGAN. HO94590|MALE|10073331|ARNETTE.MONAHAN@DODGSON.TV|46028.02
230|ZACKARY|HALLETT|9052692250|7995321609|7789 COBURN AVENUE, DETROIT, MICHIGAN. BK98512|FEMALE|70202340|MICHEAL.GARDNER@WEB.CO.US|29282.01
231|AARRON|CONLEY|1116426894|6279987491|11630 HINE PARK, AUSTIN, TEXAS. VV77298|FEMALE|19410857|MAURICIO.DUNKIN@KOVACKS.CO.US|47063.81
232|ELSPETH|SINCLAR|7304258903|2697062325|16328 CUMING ESPLANADE, MIAMI, FLORIDA. DK99940|MALE|83214859|JAVAD.CLARK@BEASLEY.BIZ|43830.63
233|SHERRIE|LEATHER|4160236236|6756192258|27505 AREY ESTATE, STAMFORD, CONNECTICUT. LX88574|MALE|45953435|NIELL.WILMOT@HARGREAVES.BIZ|40088.2
234|HERBIE|JARRATT|0518725041|8855597036|8038 REEVES AVENUE, CORAL SPRINGS, FLORIDA. TZ41389|MALE|71351253|JANICE.REEF@TAYLOR.CO.FR|60942.42
235|ERN|HARGROVE|3128986655|5522117860|6520 CONNORS CLOSE, ORLANDO, FLORIDA. HZ47841|FEMALE|86354234|CARL.LEYS@GOODALL.TV|60402.09
236|JAYDE|CRICHTON|7084983383|5108103603|29452 MARTEN PLACE, BOISE, IDAHO. NT46583|FEMALE|87647992|PEARLY.LIDDELL@DANIEL.CO.UK|90187.6
237|LEANDA|MCVIE|0402177886|4593919086|2437 SCHULTZ PARK, MCKINNEY, TEXAS. YT44904|MALE|87331326|AMARIT.MARRICK@BARTHOLEMEW.BIZ|44006.02
238|KARLY|ELKES|7634190083|8298928268|37573 KENDEL PARK, ESCONDIDO, CALIFORNIA. DX86111|MALE|47622240|JASEN.FLORY@RUSSEL.BIZ|22028.03
239|TOBI|COOMES|8667464418|8153294709|47776 CUMMINS CLOSE, COLUMBIA, SOUTH CAROLINA. UM45913|MALE|92787829|HASSAN.HOLLEY@NOURSE.CO.FR|14708.86
240|KARMA|PAULSON|6596572839|1910084392|49420 HOEY DRIVE, FRISCO, TEXAS. GP41393|FEMALE|74409426|CANDIDA.LOK@LONGMUIR.COM|41206.06
241|GLYNN|HANDSFORD|8034499719|4485560780|25910 WARR AVENUE, SAN DIEGO, CALIFORNIA. XY80997|FEMALE|85001129|BENNIE.DUFFEE@DOWLIN.CO.UK|37082.84
242|BARTHOLOMEW|GOFF|4241878097|1593358742|43754 CROFORD BUILDINGS, SANTA CLARITA, CALIFORNIA. RL81967|MALE|05432810|KARINE.GAYE@CURREY.COM|46078.86
243|RONI|COADY|7308571917|7152225214|36251 BOWN LANE, BATON ROUGE, LOUISIANA. DB85736|FEMALE|80781768|PAM.HALLY@WILLEY.BIZ|46802.85
244|ISRAEL|GRANE|5684211455|8463129020|45553 LION SQUARE, WESTMINSTER, COLORADO. LR50771|FEMALE|62847438|ALASTER.DONNEL@ALLYN.BIZ|83228.08
245|MARGUERITE|QUIN|7794736195|9681564349|34519 GRADY PLACE, FORT WORTH, TEXAS. KP17722|FEMALE|36222629|TRACIE.MCGREGGOR@MEREDITH.CO.US|88125.02
246|JERRY|BRECKON|1581021325|8015392567|7729 GAILLARD PARK, CINCINNATI, OHIO. VV21362|FEMALE|77543261|ALAIN.BLACKBOURN@ISAAC.BIZ|12948.46
247|TRUEMAN|TULLOCK|4211562330|6187566286|810 MORISON ESPLANADE, OAKLAND, CALIFORNIA. FU38244|MALE|01000818|BENET.MCGOWAN@KENYAN.CO.UK|10399.04
248|GINA|CRADDOCK|9132730362|9885152033|9818 KEMP TERRACE, ROSEVILLE, CALIFORNIA. EP71018|FEMALE|16297991|ELIZEBETH.CARL@MONCKTON.BIZ|89014.8
249|DARROLL|HEARD|2945506798|4348442188|47552 PARFIT CRESCENT, HENDERSON, NEVADA. OV32625|MALE|35836748|ZOEY.PENDRAY@HEAL.TV|82248.88
250|WES|ISAACS|1048012934|8696027447|37184 EWEN AVENUE, SANTA CLARA, CALIFORNIA. IH62177|MALE|62809027|NICHOLAS.KASSIE@HIBBERT.CO.UK|40984.83
251|KAYLEIGH|WAIN|5868337969|8350208916|38791 CLOUGH LANE, WILMINGTON, NORTH CAROLINA. ZR34939|FEMALE|74385355|KEVAN.FARMER@MATTESON.NET|80918.42
252|GLYNN|KELLER|7714314131|7590765751|37911 SPILLER TERRACE, RANCHO CUCAMONGA, CALIFORNIA. ET87036|FEMALE|59443011|BRANDEN.HARINGTON@GROOVES.CO.US|21040.89
253|ARNETTE|MOFFET|9809050432|4205053130|13317 BARTHOLEMEW AVENUE, INGLEWOOD, CALIFORNIA. XP55551|FEMALE|69403940|CORRIN.CORBIN@BURNET.TV|22100.89
254|LAUREEN|DILLAN|3888897876|9778421846|26965 CHAPLE LANE, SPOKANE, WASHINGTON. TF47170|FEMALE|49262547|JACKIE.ANCILL@DAREY.CO.US|48440.13
255|ANNA|AMEY|2972799227|6376731867|24324 HAMMOND CLOSE, CHICAGO, ILLINOIS. BV54317|MALE|04082478|NANCY.STEWART@RAMSEY.COM|81966.46
256|CHERRIE|LINN|1397839999|7658962600|17715 BURG LANE, OCEANSIDE, CALIFORNIA. TY80285|FEMALE|80604622|CLEOPATRA.FEVER@WARWICK.NET|81003.04
257|KYRON|HOCKING|1028304738|3308416858|17750 HARDING GROVE, ATLANTA, GEORGIA. TX71861|MALE|22475032|ROSS.LEE@HODGKINS.COM|38925.6
258|BERNADETT|LAUGHTON|2280457733|0911017970|46151 GERVIS PLACE, ODESSA, TEXAS. VT10125|FEMALE|74979628|GLORIA.IRWIN@JANSEN.CO.US|54840.77
259|JASE|MORON|3123968981|9471695823|18666 SHEA CRESCENT, SIMI VALLEY, CALIFORNIA. NB70274|FEMALE|88058624|SILVIA.HILLIARD@MCFARLANE.COM|30378.88
260|COLLENE|LANCASTER|6944900200|5295326885|2103 DAYLEY AVENUE, KILLEEN, TEXAS. BJ26320|MALE|22085896|KARMA.COLE@CHRISTIE.BIZ|48408.5
261|ZAFIR|LOK|5072225041|0413215310|9082 LEASE PARK, ROCKFORD, ILLINOIS. PP13246|FEMALE|61616083|CHRISTOS.JARDINE@SIMMS.BIZ|27286.91
262|CLARISSA|FOX|6284097124|7898327257|16139 JAY GARDENS, ALLENTOWN, PENNSYLVANIA. SL46079|FEMALE|21471058|EMILY.JONSSON@DRISCALL.TV|80006.03
263|KIERAN|NESBIT|8186328147|9759319237|16784 TEWKESBURY TERRACE, FRISCO, TEXAS. CB70530|MALE|50775231|HOWARD.HANLON@CARLETON.NET|82804.96
264|BOYCEY|HAGGEN|1817851994|9240884520|9391 HAUGHTON DRIVE, WESTMINSTER, COLORADO. ND79202|FEMALE|79996102|JAIMIE.FLECTHER@HENSEN.CO.FR|81446.54
265|GLADIS|DEAKIN|8943094924|3105307919|2876 GOUDIE ROAD, THOUSAND OAKS, CALIFORNIA. VX23121|FEMALE|03042649|AKHTAR.BYRNE@SERGEANT.COM|48600.28
266|KEVYN|CORBIT|5660226906|3026861015|13617 CONNELL ROAD, GRAND PRAIRIE, TEXAS. XH88688|FEMALE|67556718|SHARON.EVERLY@NEWELL.CO.US|30598.4
267|CHANTEL|MCCOMB|2561414986|0725741461|3059 AARON CRESCENT, BOULDER, COLORADO. FA12940|FEMALE|79830229|NATASIA.FINNIGAN@KEMP.NET|80206.7
268|ADOLFUS|WARD|6822523460|5341969420|18897 HOOK GARDENS, DAYTON, OHIO. XR47713|FEMALE|88206639|PATRICIA.GLIN@SHARP.NET|44058.18
269|ROSELLA|TEE|9670540838|0319860670|13713 JACKS ROAD, NORWALK, CALIFORNIA. TN78081|MALE|73078301|BENNIE.BRIGDON@FOREMAN.CO.US|80898.8
270|MOLLIE|TENNANT|8151975011|7843888828|34090 NICOLAS PARK, HAMPTON, VIRGINIA. YP22424|MALE|15126860|ALASTAIR.DENHAM@WILLSON.CO.FR|24200.42
271|AMIT|RADCLIFF|5630826857|6590290653|7503 EDEN CRESCENT, DURHAM, NORTH CAROLINA. HV37458|MALE|32521346|DARRYLL.LLEWELYN@EGGLETON.NET|80450.44
272|SUE|INGLE|7018814289|4048059198|48274 POLLETT CLOSE, OKLAHOMA CITY, OKLAHOMA. RP18424|MALE|09402496|LACEY.BELL@HIGHLAND.CO.US|83001.44
273|ASKIR|STODDART|8642822102|8403609658|45573 NEILSON ESPLANADE, DENVER, COLORADO. PF45890|MALE|65797563|CHRIS.BECH@COLLICOTT.COM|84640.87
274|JAMEY|DIBDEN|1502046008|3362339361|35812 CANE ESTATE, GLENDALE, ARIZONA. LH28348|MALE|90595471|ZACKERY.NISSEN@ALLCOCK.CO.UK|86073.8
275|KATHRINA|CALLAGHAN|7782027416|5691689790|43088 GILMORE GARDENS, MCKINNEY, TEXAS. TG32822|MALE|77776409|JAHRON.NICKLESS@LAMAN.NET|74247.02
276|BRYAN|HANDSFORD|6771576352|0979274487|23311 FARRELL ESTATE, WICHITA, KANSAS. PB76656|FEMALE|40678644|CHRISTOPHE.EDWARDES@HALDEN.NET|51384.84
277|AMJAD|GLENDENNING|2175430492|6752790089|43535 GAZZARD DRIVE, PEMBROKE PINES, FLORIDA. HP50049|FEMALE|68140253|DAPHINE.DYMOCK@MCCORKINDALE.BIZ|38481.82
278|MOHAMED|KILLEN|5312494889|4471049490|42615 FEELEY BUILDINGS, MEMPHIS, TENNESSEE. ZE10544|FEMALE|90906927|LUKE.LEIGHTON@BIRNIE.TV|78274.91
279|DERREK|CRUSE|7558635118|3424952744|49582 KER TERRACE, ROSEVILLE, CALIFORNIA. RI57893|FEMALE|92758340|ANITRA.LLOYDE@CARROLLE.CO.UK|68541.28
280|GILLIAM|CURRY|2032921860|4367457097|32373 HADEN AVENUE, PEMBROKE PINES, FLORIDA. MP78757|MALE|54834845|JANETTE.HIGGINS@ROBBINS.COM|89049.08
281|ROSALIA|SAUER|1484215559|5415263648|23050 HAUGHTON TERRACE, MOBILE, ALABAMA. NX10716|MALE|44714015|TARA.HAZEL@ARNDELL.CO.FR|78286.28
282|JESUS|CAMRON|6516639633|5998519048|34394 CLERMONT TERRACE, SIOUX FALLS, SOUTH DAKOTA. AJ58348|FEMALE|67463782|OLEN.MILLAR@ARUNDELL.COM|48045.65
283|DAGMAR|HAWKINS|8323833075|3266063151|24724 SIMMONS AVENUE, BALTIMORE, MARYLAND. MB24897|MALE|63122922|ROLFE.BERNARDO@NEAL.TV|37740.61
284|CHADD|REED|2509585509|1395330697|39150 PYNE ROAD, LOWELL, MASSACHUSETTS. VL40918|FEMALE|64577774|LEVIN.MAYBERRY@STEELE.NET|64500.82
285|BEVERLEY|PHELIPS|5601509418|7560393684|46011 PANE CLOSE, NEWPORT NEWS, VIRGINIA. ZT91405|MALE|84821569|ELINOR.OTTWAY@BECH.CO.FR|39284.08
286|JESUS|COYNE|5529666449|7162781224|47851 MORE LANE, DALLAS, TEXAS. OY34343|FEMALE|08842542|ROYSTAN.BARRAN@LEMIN.TV|10406.06
287|ALYSIA|BAKKER|4229171079|1746054330|3036 HODGKIN CRESCENT, CHARLESTON, SOUTH CAROLINA. HB49371|FEMALE|99854501|DUNCAN.HOLIDAY@SALISBURY.TV|80412.05
288|CHRISTIAN|DOIDGE|4541798797|3913077840|11025 HAYCOCK CRESCENT, DURHAM, NORTH CAROLINA. EN17058|FEMALE|10249341|MAUDE.BEALES@STERLING.NET|96882.08
289|ANNEMARIE|MARTYN|9330511879|1373804510|16710 DOWELL SQUARE, MORENO VALLEY, CALIFORNIA. YH62280|MALE|30701736|ANTON.GILLEY@CRADOCK.BIZ|98955.88
290|ABDULGADER|HAWKINS|0846385185|8294780930|19309 GROVES TERRACE, LUBBOCK, TEXAS. AV98188|MALE|11289902|PAULE.COATE@NEVES.CO.US|48208.77
291|LISE|FREEZE|8977518138|4894874172|8488 DEMMERY CLOSE, ARLINGTON, VIRGINIA. HW92978|FEMALE|63535091|REED.DEAKON@FRIZZELL.CO.FR|86702.44
292|JOYCE|DENHOLM|8896029876|4573990483|17418 BURN SQUARE, CENTENNIAL, COLORADO. JD34401|MALE|65056738|BARRI.HEALY@GERVAIS.CO.UK|67468.78
293|ANDERSON|SIMMON|6211969765|1715708981|38899 DOWNIE GROVE, CENTENNIAL, COLORADO. RT61301|FEMALE|45867298|DENISE.EGLETON@FINDLEY.TV|94708.04
294|MERVYN|CLEMONS|2804285295|0473607647|16664 OATES TERRACE, SUNNYVALE, CALIFORNIA. QX84206|FEMALE|10928409|AFTAB.MCLAUGHLIN@DAILY.TV|44011.0
295|TRENTON|HEGARTY|9845077039|1476975114|49909 LUNNY ESTATE, CHANDLER, ARIZONA. ZB48450|FEMALE|53425410|LEAH.LEACY@COURTNEY.BIZ|88650.2
296|SKYE|EVERET|9909524493|1231199353|25126 HATHERELL TERRACE, GREENSBORO, NORTH CAROLINA. NP54639|MALE|53010981|CHRISTOS.SALSBURY@MOODY.NET|94822.44
297|COLLIN|BEACHER|1038697854|7184474713|4557 HAMMOND LANE, JOLIET, ILLINOIS. RO65427|MALE|18336080|DIAN.MOREN@JELLY.CO.US|70244.26
298|GILES|DANIELLS|9298572377|2627672336|18439 TEA BUILDINGS, DAYTON, OHIO. NL82023|MALE|66771389|CHRISTOPER.MOORES@SAVIDGE.COM|84860.8
299|ANDREAS|CAMDON|9503069888|6463520094|15877 HEA PLACE, FORT LAUDERDALE, FLORIDA. CW55978|FEMALE|31541354|LONG.HAILEY@GARDENER.BIZ|25034.04
300|DEAN|SPALDING|2116742844|3212183054|29739 EMET CRESCENT, ROSEVILLE, CALIFORNIA. OZ46634|MALE|53619525|OLEN.REEVE@SILVESTRE.CO.US|66088.2
